{
  "origin": [
    46.339159,
    3.433923,
    279.18
  ],
  "start": [
    46.34010483604916,
    3.4360491535655933,
    278.9127076902976,
    163.694,
    105.144,
    -0.270257
  ],
  "end": [
    46.34025161363074,
    3.4342785439526198,
    280.5541277194339,
    27.373503,
    121.458107,
    1.372911
  ],
  "waypoints": [
    [
      46.34006562893812,
      3.435718151085813,
      279.18229217482764,
      138.21,
      100.785,
      0.0
    ],
    [
      46.33999794661987,
      3.4358081596473546,
      278.9921572207468,
      145.14,
      93.2614,
      -0.190174
    ],
    [
      46.339955495754715,
      3.435670375617207,
      279.10085871371126,
      134.532,
      88.5422,
      -0.081173
    ],
    [
      46.34028566368742,
      3.435160847258768,
      279.99213013077707,
      95.302399,
      125.243881,
      0.810188
    ],
    [
      46.340317515672005,
      3.4354343185289196,
      279.8001914694141,
      116.357,
      128.785,
      0.61783
    ],
    [
      46.34042313399521,
      3.435683428897869,
      279.8008177366345,
      135.535843,
      140.52623,
      0.61783
    ],
    [
      46.34068183869119,
      3.4359119238095066,
      279.850462542006,
      153.127,
      169.285,
      0.666378
    ],
    [
      46.34054314091929,
      3.4358155841739366,
      279.77459896562885,
      145.71019,
      153.866776,
      0.591079
    ],
    [
      46.34057426458403,
      3.4360392352190448,
      279.4846183593391,
      162.929,
      157.327,
      0.300598
    ],
    [
      46.34098373204641,
      3.4357233633101063,
      280.4311954815306,
      138.609,
      202.844,
      1.246462
    ],
    [
      46.34093522291042,
      3.4353449465655617,
      280.67586142996106,
      109.475,
      197.451,
      1.491863
    ],
    [
      46.340574828417495,
      3.434909544545355,
      280.55173903909497,
      75.9541,
      157.388,
      1.369343
    ],
    [
      46.34043553496303,
      3.434921466554221,
      280.3767022098522,
      76.872169,
      141.903748,
      1.194659
    ],
    [
      46.34048846690347,
      3.4351215071152117,
      280.26439187615006,
      92.273247,
      147.788025,
      1.082011
    ],
    [
      46.3399448036187,
      3.4351657831726166,
      279.2078464350062,
      95.683,
      87.3529,
      0.026531
    ],
    [
      46.34034498911781,
      3.4359990655677723,
      279.25674669584845,
      159.837,
      131.84,
      0.073383
    ]
  ],
  "fields": [
    {
      "type": "vineyard",
      "row_distance": 2.0,
      "points": [
        [
          46.339971949611325,
          3.435351039404266,
          279.4440741651316,
          109.9459944063855,
          90.37076925799623,
          0.2624871214995079
        ],
        [
          46.33984573046282,
          3.435419854431528,
          279.1906412155343,
          115.24438375441734,
          76.33998568054665,
          0.00914442980704705
        ],
        [
          46.339864804442506,
          3.435492753917923,
          279.13677140561293,
          120.85694819273036,
          78.46041122852401,
          -0.04485484119590538
        ],
        [
          46.33999102363475,
          3.435423939031007,
          279.3902043737223,
          115.55855884469852,
          92.49119480597359,
          0.20848785049655547
        ]
      ]
    },
    {
      "type": "crops",
      "row_distance": 1.5,
      "points": [
        [
          46.34075825563043,
          3.435592915266518,
          280.2811270461908,
          128.56640098312417,
          177.77917005476905,
          1.0973524672764745
        ],
        [
          46.34071270148016,
          3.435409390086808,
          280.4011783046446,
          114.43693584702916,
          172.7149618708247,
          1.2178117448234052
        ],
        [
          46.340675122676345,
          3.4354311034021605,
          280.3304539578979,
          116.10871879640165,
          168.53762403513184,
          1.1471691466528289
        ],
        [
          46.34072067679189,
          3.4356146284766083,
          280.2104030765603,
          130.23818393249664,
          173.6018322190762,
          1.026709869105898
        ]
      ]
    }
  ]
}