type,x,y,z,roll,pitch,yaw
crop_field,55.888424,126.561508,1.1209,0.004,0.001199,0.3807
vineyard,126.6547,122.7025,0.4787,-0.0087,0.0188,-1.2099
